Location,FullScallop_Number,T1_height,T1_length,T1_width,T2_height,T2_length,T2_width,T2_whole_weight,T2_body_weight,T2_adductor,sex,acini_1,acini_2,acini_3,acini_4,acini_5,acini_6,acini_7,acini_8,acini_9,acini_10,acini_11,acini_12,acini_13,acini_14,acini_15,acini_16,acini_17,acini_18,acini_19,acini_20,acini_21,acini_22,acini_23,acini_24,acini_25,acini_26,acini_27,acini_28,acini_29,acini_30,acini_31,acini_32,acini_count,mc_1_mode,mc_2_mean,mc_3_max
DB,302001,70,76,19,71.5,77.7,20.5,57.01,17.45,23,f,3,3,3,3,3,3,3,3,3,3,3,3,3,3,3,3,3,3,3,3,3,3,3,3,1,1,none,1,1,1,1,1,31,3,2,3
DB,302004,50,50,15,57.4,58,17.5,27.01,9.96,20,m,3,2,2,3,2,2,2,3,2,2,2,2,2,2,3,2,2,2,2,2,3,2,2,2,,,,,,,,,24,2,3,3
DB,302006,54,58,17,58.9,58.9,18.4,28.45,9.05,20,m,none,1,3,3,3,3,3,2,2,2,3,3,3,3,3,3,2,3,1,2,2,2,2,3,,,,,,,,,23,3,#DIV/0!,0
DB,302014,61,63,14,64,62.2,16.2,41.53,11.55,22,m,none,none,2,2,2,2,2,2,2,2,2,2,2,3,3,3,2,2,3,2,2,3,2,2,,,,,,,,,22,2,#DIV/0!,0
DB,302018,58,64,16,61.5,65.5,18.3,37.59,13.69,21,m,2,2,3,2,2,3,3,3,2,3,2,3,3,3,2,3,2,2,2,2,2,2,2,2,,,,,,,,,24,2,2,2
DB,302019,54,56,15,65.6,68,18,34.97,12.53,22,f,4,4,4,4,4,4,4,4,3,3,3,3,3,3,3,3,3,3,3,3,3,3,3,3,3,,,,,,,,25,3,4,4
DB,302021,56,55,16,59,55.7,16.9,28.2,10.34,20,m,2,2,2,2,2,2,2,2,2,2,2,3,2,2,3,2,3,2,3,2,2,3,3,3,none,1,2,2,none,2,2,1,30,2,1.5,2
DB,302022,52,56,14,51.3,53.7,16,19.11,7.64,21,f,1,1,1,1,2,2,2,2,1,1,1,1,1,1,1,1,1,1,1,1,1,1,1,1,1,1,1,1,,,,,28,1,1,1
DB,302024,58,56,16,65.2,63.5,19,35.14,13.4,22,m,5,5,5,5,5,5,5,5,5,5,5,5,5,5,5,5,5,5,5,5,5,5,5,5,2,2,2,2,none,2,2,2,31,5,3.5,5
DB,302025,41,39,12,43.1,41.3,13.5,11.12,3.96,13,m,2,2,2,2,2,2,2,2,2,2,2,,2,2,2,2,2,2,3,2,2,2,2,3,,,,,,,,,23,2,2,2
DB,302067,54,52,17,60.7,60.5,19.1,32.99,12.5,20,m,1,1,1,5,5,1,5,5,1,1,1,1,5,1,1,1,5,5,5,5,5,5,5,5,2,,,,,,,,25,5,1,1
DB,302029,55,56,17,60.7,60.4,18.5,32.75,10.82,21,f,4,4,4,4,4,4,4,4,4,4,4,4,4,4,4,4,4,4,4,4,4,4,4,4,,,,,,,,,24,4,4,4
DB,302030,65,70,18,67.7,73.3,19.6,42.47,14.95,22,m,2,2,2,2,2,2,2,2,2,2,2,2,2,2,2,2,2,3,2,2,2,2,2,2,none,none,3,3,3,2,,,28,2,2,2
DB,302038,57,63,15,66.5,73.1,16.9,36.29,14.34,19,m,2,2,2,2,2,2,2,2,2,2,2,2,2,2,2,2,2,2,3,3,2,2,2,2,,,,,,,,,24,2,2,2
DB,302043,57,57,15,62.4,65.2,16.3,32.59,12.76,20,m,2,3,3,3,3,3,3,3,2,3,3,2,2,3,3,2,2,2,2,2,3,2,2,2,,,,,,,,,24,2,2,2
DB,302044,53,54,14,59,59.5,16.9,27.51,9.57,19,m,3,2,3,3,3,3,3,3,3,3,2,2,2,2,3,3,2,2,2,2,2,2,2,2,,,,,,,,,24,2,3,3
DB,302045,58,54,17,66,67,18.8,36.8,13.04,20,m,2,2,2,2,2,2,2,2,2,2,2,2,2,2,2,2,2,2,2,2,2,2,2,2,,,,,,,,,24,2,2,2
DB,302047,52,55,15,53,53.1,16,21.35,8.63,16,m,3,3,3,3,3,3,3,3,3,3,3,3,3,3,3,3,3,2,2,2,2,3,3,3,,,,,,,,,24,3,3,3
DB,302050,62,57,18,62.2,56.2,19.6,37.48,12.85,20,m,2,2,3,2,2,2,3,2,2,3,2,2,2,2,2,2,3,2,3,2,2,2,2,2,2,2,2,3,3,,,,29,2,2,2
DB,303001,51,51,14,52.7,53.2,15.5,20.23,6.73,14,m,2,3,2,2,2,2,2,2,2,2,2,2,2,2,2,2,4,4,4,4,4,4,4,4,,,,,,,,,24,2,2,2
DB,303002,48,49,16,52.7,55,17.2,22.06,7.69,16,m,2,2,2,2,3,2,2,2,,2,2,2,3,2,2,3,3,2,2,2,2,3,2,2,,,,,,,,,23,2,2,2
DB,303003,59,61,17,62,60.2,18.2,29.86,10.34,17,m,2,2,2,2,2,2,2,2,2,2,2,2,2,2,2,2,2,2,2,2,3,2,2,2,,,,,,,,,24,2,2,2
DB,303006,60,59,15,62.4,59.5,16.7,28.31,10.16,18,m,3,2,2,2,2,2,2,2,3,2,2,3,2,2,2,3,2,2,2,2,3,3,3,3,,,,,,,,,24,2,3,3
DB,303008,48,49,13,50.7,52.5,14.8,17.94,6.42,13,m,2,3,3,2,3,3,3,3,3,3,2,3,3,2,3,3,3,2,3,2,3,2,3,2,2,2,2,2,2,1,2,,31,3,2,2
DB,303009,69,71,19,70.4,69.3,20.2,43.15,14.81,22,m,1,2,1,1,2,2,1,none,1,2,,1,1,2,1,1,2,1,1,2,2,1,1,2,,,,,,,,,22,1,1,1
DB,303011,53,52,16,59,57.6,16.2,24.75,9.01,17,m,1,2,1,1,none,none,2,2,2,2,2,2,3,2,2,none,2,2,3,3,3,3,2,3,,,,,,,,,21,2,1,1
DB,303012,67,67,20,68.9,72.8,21.5,49.96,15.26,22,m,2,2,2,3,2,2,2,3,2,2,3,2,2,2,2,2,3,3,3,2,2,2,2,2,,,,,,,,,24,2,2,2
DB,303014,63,67,19,63.3,64.7,20,41.33,12.66,21,m,3,2,3,3,2,2,2,2,3,3,3,3,2,2,2,3,2,2,2,2,2,2,2,2,2,2,2,2,2,2,2,2,32,2,2.5,3
DB,303015,69,68,19,70.6,70.6,19.9,46.7,13.26,22,m,2,3,3,3,2,2,2,2,2,2,2,3,2,2,2,2,2,2,2,2,2,2,2,2,,,,,,,,,24,2,2,2
DB,303016,40,42,14,44.8,45.5,16.4,15.35,6.03,13,m,3,3,3,3,3,3,3,3,3,3,2,3,3,3,1,2,2,2,3,3,3,2,3,3,,,,,,,,,24,3,3,3
DB,303018,56,58,15,57,59.3,17,29.08,10.24,19,m,3,3,1,3,3,3,3,3,3,3,3,3,3,3,3,2,2,2,3,2,3,2,3,2,,,,,,,,,24,3,3,3
DB,303019,52,55,15,56.9,57.2,17.2,28.28,9.78,18,m,3,2,3,2,3,2,3,2,2,2,2,2,3,3,3,2,3,2,3,3,3,2,3,3,,,,,,,,,24,3,3,3
DB,303020,49,49,13,52.2,54.8,15.5,20.13,8.37,15,m,4,4,4,3,4,4,4,4,3,4,4,4,3,4,4,4,4,4,4,4,4,4,4,4,,,,,,,,,24,4,4,4
DB,303021,65,72,20,64.2,68.5,21.5,45.26,14.74,23,m,1,1,5,5,5,5,1,1,2,3,1,1,1,1,1,1,3,1,5,1,1,1,1,1,,,,,,,,,24,1,1,1
DB,303022,59,62,18,63.5,64.7,20.2,41.08,14.92,21,m,3,4,3,3,3,4,4,4,3,3,3,3,none,3,3,none,2,2,2,2,3,3,3,2,,,,,,,,,22,3,3,3
DB,303051,57,55,16,56.9,56,17.2,24.66,9.38,17,f,4,4,4,4,4,4,4,4,4,4,4,4,4,4,4,4,4,4,4,4,4,4,4,4,,,,,,,,,24,4,4,4
DB,303025,54,56,15,51.6,53.8,15.6,17.21,5.72,13,f,3,3,3,3,3,3,3,3,3,3,3,3,3,3,3,3,3,3,3,3,3,3,3,3,,,,,,,,,24,3,3,3
DB,303027,51,50,15,57.8,58.7,16.1,22.88,9.05,18,m,3,1,3,3,3,3,2,2,2,2,3,2,3,2,1,3,3,3,3,3,3,3,3,3,,,,,,,,,24,3,3,3
DB,303028,50,49,15,50,48.5,15.9,17.98,4.84,12,m,3,3,3,3,1,3,3,2,2,2,2,,2,2,2,2,2,3,22,2,3,3,2,2,,,,,,,,,23,2,3,3
DB,303029,66,63,16,69.2,69,17.7,40.51,12.8,22,m,2,2,2,2,2,2,2,2,3,2,2,2,2,2,2,2,1,3,2,3,2,3,2,2,,,,,,,,,24,2,2,2
DB,303032,59,66,17,58.7,66.6,18.5,37.98,9.89,21,m,none,2,1,1,2,2,1,2,2,4,3,2,2,4,2,2,0,2,2,0,1,2,2,2,,,,,,,,,23,2,#DIV/0!,0
DB,303034,48,46,13,47.5,47.6,14.7,15.44,6.37,13,m,2,2,2,2,2,3,3,2,2,2,2,2,3,2,2,none,2,2,3,2,3,2,2,none,,,,,,,,,22,2,2,2
DB,303035,60,60,18,61.6,63.7,19.9,39.81,11.86,20,m,2,2,2,2,2,4,4,4,3,4,4,4,4,4,4,2,4,4,4,4,5,2,4,3,4,4,4,5,4,4,4,4,32,4,3,4
DB,303039,51,55,15,54.4,54,16.6,20.76,7.29,16,m,2,2,3,2,1,1,2,2,5,2,2,1,2,2,2,3,5,2,2,3,2,2,5,5,4,,,,,,,,25,2,2,2
DB,303040,58,63,17,62,63.9,18.3,35.15,9.93,19,m,3,3,3,3,3,3,3,3,3,3,3,4,3,3,4,4,2,2,2,2,2,2,3,none,,,,,,,,,23,3,3,3
DB,303041,52,44,15,53.7,48.4,16.1,20.94,7.97,18,m,3,3,3,3,3,3,3,3,3,3,3,3,3,3,3,3,3,3,3,3,3,3,3,3,,,,,,,,,24,3,3,3
DB,303043,64,53,16,58.2,61,17.8,26.73,8.49,19,m,3,3,3,3,3,3,3,3,3,3,3,3,3,3,3,3,3,3,3,3,3,3,3,3,,,,,,,,,24,3,3,3
DB,303046,63,58,20,66.5,61.5,21.5,45.82,14.15,21,m,2,2,2,2,2,1,3,3,2,2,2,2,2,3,3,2,3,2,2,2,2,2,2,2,,,,,,,,,24,2,2,2
DB,306006,50,49,15,54.1,56,16.5,20.48,6.51,15,m,3,3,3,3,3,3,3,3,3,3,3,3,3,3,3,3,3,3,3,3,3,3,3,3,,,,,,,,,24,3,3,3
DB,306031,57,61,17,57.6,62,18.8,33.41,12.34,18,m,3,3,3,3,3,3,3,3,3,3,3,3,3,3,3,3,3,3,3,3,3,3,3,3,,,,,,,,,24,3,3,3
DB,306032,48,51,13,47.7,45.9,13,13.14,4.45,14,m,4,4,4,4,4,4,4,4,4,4,4,4,4,4,4,4,4,4,4,4,4,4,4,4,none,5,5,2,,,,,27,4,4,4
DB,306033,62,65,16,62.5,63.5,16.5,29.8,10.43,18,m,3,3,3,3,3,3,3,3,3,3,3,3,3,3,3,3,3,3,3,3,3,3,3,3,,,,,,,,,24,3,3,3
DB,306035,53,52,14,53.8,53,15.7,23.46,8.89,-,m,3,3,3,3,3,3,3,3,3,3,3,3,3,3,3,3,3,3,3,3,3,3,3,3,,,,,,,,,24,3,3,3
DB,306038,62,61,16,61.4,62,17,28.51,9.95,18,m,3,3,3,3,3,3,3,3,3,3,3,3,3,3,3,3,3,3,3,3,3,3,3,3,,,,,,,,,24,3,3,3
DB,306039,57,58,16,56.6,63,16.8,27.32,9.03,18,m,3,3,3,3,3,3,3,3,3,3,3,3,3,3,3,3,3,3,3,3,3,3,3,3,,,,,,,,,24,3,3,3
DB,306040,63,64,18,63,67.4,18.2,34.16,12.91,22,f,3,3,3,3,3,3,3,3,3,3,3,3,3,3,3,3,3,3,3,3,3,3,3,3,,,,,,,,,24,3,3,3
DB,306042,58,59,16,57.3,58.5,15.9,23.4,9.58,16,m,3,3,3,3,3,3,3,3,3,3,3,3,3,3,3,3,3,3,3,3,3,3,3,3,,,,,,,,,24,3,3,3
DB,306044,56,55,14,57.2,57.6,15.5,22.94,9.12,17,m,3,3,3,3,3,3,3,3,3,3,3,3,3,3,3,3,3,3,3,3,3,3,3,3,,,,,,,,,24,3,3,3
DB,306045,61,62,16,61.3,61.6,17.4,31.34,11.89,18,m,3,3,3,3,3,3,3,3,3,3,3,3,3,3,3,3,3,3,3,3,3,3,3,3,,,,,,,,,24,3,3,3
DB,306046,52,55,15,57.4,62.4,16.6,28.12,11.52,22,m,3,3,3,3,3,3,3,3,3,3,3,3,3,3,3,3,3,3,3,3,3,3,3,3,,,,,,,,,24,3,3,3
DB,306047,52,52,15,50.6,51.4,16,20.52,7.74,18,m,3,3,3,3,3,3,3,3,3,3,3,3,3,3,3,3,3,3,3,3,3,3,3,3,,,,,,,,,24,3,3,3
DB,306052,17,49,15,54.4,56.5,15.8,20.99,7.55,15,m,3,3,3,3,3,3,3,3,3,3,3,3,3,3,3,3,3,3,3,3,3,3,3,3,,,,,,,,,24,3,3,3
DB,308001,53,50,14,55.6,54.9,17,24.95,10.4,16,m,2,2,2,3,3,2,2,3,3,3,2,3,3,3,3,2,2,2,2,3,3,3,3,2,,,,,,,,,24,3,2,2
DB,308002,59,68,17,58.5,58.1,18,30.84,12.53,21,f,4,4,4,4,4,4,4,4,4,4,4,4,4,4,4,4,4,4,4,4,4,4,4,4,,,,,,,,,24,4,4,4
DB,308003,56,56,16,55.5,54.7,16.2,23.75,9.31,18,m,2,2,2,3,3,2,3,2,2,2,2,3,4,3,2,3,2,2,2,4,4,2,2,4,,,,,,,,,24,2,2,2
DB,308004,64,64,16,63.1,64.4,18,32.13,9.47,17,f,4,4,4,4,4,4,4,4,4,4,4,4,4,4,4,4,4,4,4,4,4,4,4,4,,,,,,,,,24,4,4,4
DB,308006,51,50,15,59.8,51,15.4,17.97,5.37,15,m,4,4,4,4,4,4,2,4,4,2,2,2,4,4,4,2,2,2,4,4,2,2,4,2,,,,,,,,,24,4,4,4
DB,308009,56,57,14,59,60.7,17.6,27.73,10.42,19,m,2,2,2,2,2,2,2,2,2,2,2,2,3,2,2,2,3,3,3,3,3,2,3,2,,,,,,,,,24,2,2,2
DB,308012,56,61,15,55,58.8,16.5,22.77,6.14,15,m,2,2,3,3,4,4,4,2,3,1,4,2,4,4,2,4,2,2,3,3,2,2,4,4,,,,,,,,,24,2,2,2
DB,314061,43,51,15,42.5,50.5,15.2,14.98,6.57,16,m,4,4,4,4,4,4,4,4,4,4,4,2,3,2,2,4,4,4,4,4,4,4,4,4,,,,,,,,,24,4,4,4
DB,314005,69,77,20,70.7,77.4,20.7,50.64,17.52,22,m,none,4,4,4,4,4,none ,none,4,4,4,none,none,5,5,none,none,5,5,none,none,none,none,5,,,,,,,,,13,4,#DIV/0!,0
DB,314007,57,63,17,56.8,63.8,18.6,31.68,11.06,19,f,4,4,4,4,4,4,4,4,4,4,4,4,4,4,4,4,4,4,4,4,4,4,4,4,,,,,,,,,24,4,4,4
DB,314010,49,48,15,55.4,59.9,15.5,21.6,6.67,15,m,3,3,3,3,2,3,2,3,2,2,2,2,2,2,2,2,3,3,3,3,2,2,3,3,,,,,,,,,24,3,3,3
DB,314011,54,55,15,55.7,55.6,16.5,26.29,11.3,17,f,2,2,2,2,2,2,2,2,2,2,2,2,2,2,2,2,2,2,2,2,2,2,2,2,,,,,,,,,24,2,2,2
DB,314012,52,58,13,52.8,57.5,15.3,21.43,8.98,18,m,2,2,2,2,2,2,2,2,3,2,2,2,2,2,2,2,2,2,2,2,2,2,2,2,,,,,,,,,24,2,2,2
DB,314013,58,57,18,58.2,58.9,17.4,29.35,10.56,22,m,2,3,3,2,3,2,2,2,2,2,2,2,2,2,2,2,3,3,3,3,2,3,2,3,,,,,,,,,24,2,2,2
DB,314014,59,52,17,57.2,52.5,17.5,24.6,7.92,16,m,2,2,3,3,2,2,3,2,2,2,3,2,2,2,2,2,3,3,2,2,2,2,2,2,,,,,,,,,24,2,2,2
DB,314015,55,53,14,56.8,53.2,15.4,22.46,8.46,18,m,1,1,1,1,1,none,none,5,1,1,5,1,1,,1,1,1,1,5,1,1,1,1,1,,,,,,,,,21,1,1,1
DB,314018,68,58,18,71.5,65.3,21,54.37,17.54,23,m,3,3,2,2,2,2,1,3,1,2,2,2,2,2,2,2,2,2,2,2,2,2,3,2,,,,,,,,,24,2,3,3
DB,314019,55,54,14,59.3,60.6,16.7,29.98,9.63,19,m,2,3,2,3,2,2,2,3,none,2,2,2,2,2,2,2,2,2,3,2,2,2,1,2,,,,,,,,,23,2,2,2
DB,314021,55,55,16,54.3,55.5,16.1,24.06,8.72,16,f,1,1,1,1,1,1,1,1,1,1,1,1,1,1,1,1,1,1,1,1,1,1,1,1,,,,,,,,,24,1,1,1
DB,314022,60,64,19,67.4,68.4,19.6,41.19,14.62,21,f,2,2,2,2,2,2,2,2,2,2,2,2,2,2,2,2,2,2,2,2,2,2,2,2,,,,,,,,,24,2,2,2
DB,314024,43,49,15,43.5,50,14,15.21,5.82,19,m,1,1,1,1,1,1,1,1,1,1,1,1,,1,1,1,1,1,1,1,1,1,1,1,,,,,,,,,23,1,1,1
DB,314025,58,59,21,61,65,21.2,36.9,11.37,19,m,2,2,2,2,2,1,2,2,1,1,2,2,1,1,2,2,2,2,2,2,3,2,3,2,,,,,,,,,24,2,2,2
DB,314026,55,52,18,60.2,61.3,18.4,34.11,10.44,17,f,4,4,4,4,4,4,4,4,4,4,4,4,4,4,4,4,4,4,4,4,4,4,4,4,,,,,,,,,24,4,4,4
DB,314028,56,59,17,57.6,59.5,18.5,29.91,8.56,14,m,2,2,2,2,2,2,3,2,2,2,2,2,2,2,2,2,2,none,2,2,2,2,2,2,,,,,,,,,23,2,2,2
DB,314029,53,52,14,51.1,52.5,14.5,15.83,5.32,17,m,2,3,3,3,2,3,3,3,3,3,3,3,3,3,3,3,2,3,3,2,3,2,2,3,,,,,,,,,24,3,2,2
DB,314030,66,66,17,68.9,74.3,18.3,43.78,12.11,19,m,3,3,3,3,3,3,3,3,3,3,3,3,2,2,2,3,3,2,3,3,2,2,2,3,,,,,,,,,24,3,3,3
DB,314031,58,58,17,59.7,58.6,17.6,29.59,12.28,19,m,2,2,2,2,2,2,2,2,2,2,2,2,3,2,2,3,2,2,2,2,2,2,2,3,,,,,,,,,24,2,2,2
DB,314033,49,47,15,52.6,50.9,16,19.47,7.6,17,m,2,2,2,2,2,2,2,2,2,2,3,2,2,2,2,2,none,2,3,3,3,2,2,2,,,,,,,,,23,2,2,2
DB,314036,46,45,15,50.6,51.6,15.5,18.57,6.08,13,m,3,3,3,3,3,3,3,3,3,3,3,3,3,3,3,3,3,3,3,3,3,3,3,3,,,,,,,,,24,3,3,3
DB,314037,55,58,16,58,58.2,17.1,27.22,10.34,16,m,3,3,3,3,3,3,3,3,3,3,3,3,3,3,3,3,3,3,3,3,3,3,3,3,,,,,,,,,24,3,3,3
DB,314038,60,62,17,59,61.5,18.1,32.58,9.74,18,m,3,3,3,3,3,3,3,3,3,3,3,3,3,3,3,3,3,3,3,3,3,3,3,3,,,,,,,,,24,3,3,3
DB,314039,49,48,15,51,49.7,15.5,19.51,7.44,15,m,3,3,3,3,3,3,3,3,3,3,3,3,3,3,3,3,3,3,3,3,3,3,3,3,,,,,,,,,24,3,3,3
DB,314040,64,64,16,68.2,66,18.4,40.59,14.31,19,m,3,3,3,3,3,3,3,3,3,3,3,3,3,3,3,3,3,3,3,3,3,3,3,3,,,,,,,,,24,3,3,3
DB,314041,51,53,17,52.7,53.1,17.7,25.28,9.46,19,m,3,3,3,3,3,3,3,3,3,3,3,3,3,3,3,3,3,3,3,3,3,3,3,3,,,,,,,,,24,3,3,3
DB,314044,55,55,16,57.2,57.9,16.6,27.32,10.62,18,m,3,3,3,3,3,3,3,3,3,3,3,3,3,3,3,3,3,3,3,3,3,3,3,3,,,,,,,,,24,3,3,3
DB,314047,50,56,15,54,56.7,16.4,24,7.84,17,m,3,3,3,3,3,3,3,3,none,3,0,none,2,none,none,2,none,0,2,1,1,2,1,0,,,,,,,,,19,3,3,3
DB,314049,56,55,16,59.8,55.8,17.8,27.81,9.5,19,m,3,3,3,3,3,3,3,3,3,3,3,3,3,3,3,3,3,3,3,3,3,3,3,3,,,,,,,,,24,3,3,3
DB,315006,61,61,19,61.8,61.4,20.6,39.07,15.36,21,m,3,3,3,3,3,3,3,3,3,3,3,3,3,3,3,3,3,3,3,3,3,3,3,3,,,,,,,,,24,3,3,3
DB,315010,57,61,14,60,63.7,16.4,28.77,8.23,17,m,2,2,2,2,2,2,2,2,2,2,2,2,2,2,2,2,3,3,2,3,3,3,3,3,,,,,,,,,24,2,2,2
DB,315013,39,37,10,49.2,47.6,11,9.12,3.68,12,m,3,3,3,3,3,3,3,3,3,3,3,3,3,3,3,3,3,3,3,3,3,3,3,3,,,,,,,,,24,3,3,3
DB,315014,49,50,12,57.8,56.4,14.4,19.7,7.62,16,f,3,3,3,3,3,3,3,3,3,3,3,3,3,3,3,3,3,3,3,3,3,3,3,3,,,,,,,,,24,3,3,3
DB,315021,58,55,15,58,57.6,17.1,27.03,9.05,19,m,3,3,3,3,3,3,3,3,3,3,3,3,3,3,3,3,3,3,3,3,3,3,3,3,,,,,,,,,24,3,3,3
DB,315022,56,59,14,55.5,55.5,16.5,22.65,6.71,16,m,3,3,3,3,3,3,3,3,3,3,3,3,3,3,3,3,3,3,3,3,3,3,3,3,,,,,,,,,24,3,3,3
DB,315023,54,53,17,54.1,51.7,18.1,22.42,8.96,19,m,3,3,3,3,3,3,3,3,3,3,3,3,3,3,3,3,3,3,3,3,3,3,3,3,,,,,,,,,24,3,3,3
DB,315026,60,60,16,61.4,64.6,17.4,32.44,11.88,20,m,3,3,3,3,3,3,3,3,3,3,3,3,3,3,3,3,3,3,3,3,3,3,3,3,,,,,,,,,24,3,3,3
DB,315029,63,61,19,63.2,61.5,18.1,33.09,9.25,18,f,4,4,4,4,4,4,4,4,4,4,4,4,4,4,4,4,4,4,4,4,4,4,4,4,,,,,,,,,24,4,4,4
DB,315031,57,53,17,56.2,54.6,18,21.62,6.14,15,m,3,3,3,2,2,3,3,3,2,3,2,3,2,1,3,3,3,2,2,3,3,3,2,2,,,,,,,,,24,3,3,3
DB,315034,59,65,18,58.1,64.8,18.2,32.69,10.57,17,m,2,3,2,3,3,3,2,3,2,2,2,3,3,3,2,3,3,3,2,3,3,3,3,2,,,,,,,,,24,3,2,2
DB,315035,68,63,16,67.8,62.5,17.7,31.76,9.79,18,m,3,3,3,3,3,3,3,3,3,3,3,3,3,3,3,3,3,3,3,3,3,3,3,3,,,,,,,,,24,3,3,3
DB,315045,53,56,15,52.3,56.3,15.7,21.89,7.64,17,m,3,3,3,3,3,3,3,3,3,3,3,3,3,3,3,3,3,3,3,3,3,3,3,3,,,,,,,,,24,3,3,3
DB,315053,52,52,15,53.5,56.1,17.3,23.96,8.67,16,m,3,3,3,3,3,3,3,3,3,3,3,3,3,3,3,3,3,3,3,3,3,3,3,3,,,,,,,,,24,3,3,3
DB,319002,59,58,15,53.4,59,15.3,20.92,6.8,16,m,2,2,2,3,1,1,1,2,2,1,1,1,1,1,2,2,2,2,1,1,2,2,2,1,,,,,,,,,24,2,2,2
DB,319008,56,58,16,55.1,57.7,16.2,24.89,7.67,16,f,3,3,3,3,3,3,3,3,3,3,3,3,3,3,3,3,2,2,2,2,2,2,2,2,,,,,,,,,24,3,3,3
DB,319011,55,55,17,57.2,57.7,17.9,28.18,9.87,15,m,2,2,3,2,2,3,2,2,3,2,2,3,3,3,3,3,3,3,3,2,22,2,3,2,,,,,,,,,24,3,2,2
DB,319054,53,50,16,50.7,50.6,15.2,18.8,7,15,m,3,3,3,3,2,3,3,2,3,2,3,3,3,2,2,2,2,2,2,2,2,,,,,,,,,,,,21,2,3,3
DB,319015,55,55,15,54.6,55.8,15.8,22.87,8.03,17,f,2,2,2,2,2,2,2,2,2,2,2,2,2,2,2,2,2,2,2,2,2,2,2,2,,,,,,,,,24,2,2,2
DB,319016,48,46,14,47,46.2,14.2,14.93,5,14,f,2,2,2,2,2,2,2,2,2,2,2,2,2,2,2,2,2,2,2,2,2,2,2,2,,,,,,,,,24,2,2,2
DB,319017,44,42,14,48.3,47.7,15.5,18.24,8.5,17,m,3,3,3,2,2,2,4,3,4,3,3,3,3,3,2,2,2,4,2,2,3,4,4,4,,,,,,,,,24,3,3,3
DB,319019,56,58,16,55.8,59.2,16.8,24.9,8.68,15,f,4,4,4,4,4,4,4,4,4,4,4,4,4,4,4,4,3,3,3,3,3,3,3,3,,,,,,,,,24,4,4,4
DB,319020,49,49,15,48,49.6,14.6,14.62,5.32,14,m,4,4,4,4,4,4,4,4,4,4,4,4,1,1,1,1,none ,none ,1,3,3,3,3,3,,,,,,,,,22,4,4,4
DB,319021,54,52,16,54,53.1,15.9,21.2,6.99,16,m,3,3,3,3,2,3,2,3,3,2,2,3,3,3,3,3,3,3,2,3,3,3,2,3,,,,,,,,,24,3,3,3
DB,319024,63,59,16,62.4,67.6,19.1,35.72,8.55,14,m,2,2,1,3,2,3,3,3,2,2,2,2,1,1,2,2,2,2,2,2,3,3,2,2,,,,,,,,,24,2,2,2
DB,319025,51,54,16,56.8,57.2,16.8,30.53,10.08,19,m,3,2,2,2,2,2,3,2,3,3,3,2,2,3,2,2,2,3,3,3,2,2,2,2,,,,,,,,,24,2,3,3
DB,319027,64,63,18,64.6,64.2,18.8,34.6,11.67,16,f,,,,,,,,,,,,,,,,,,,,,,,,,,,,,,,,,0,,#DIV/0!,0
DB,319028,47,51,14,45.6,49.8,14,15.8,5.38,15,m,3,2,2,2,2,2,3,3,3,2,3,2,2,2,2,3,3,3,2,2,2,3,3,2,,,,,,,,,24,2,3,3
DB,319029,58,64,18,57.8,63.6,18.9,36.51,13.74,20,m,2,3,2,3,2,3,2,2,2,2,2,2,3,2,2,2,2,3,2,2,2,2,2,2,,,,,,,,,24,2,2,2
DB,319030,51,49,15,51.5,50.6,16.9,20.32,8.23,15,m,2,2,2,2,2,2,2,2,2,3,3,3,2,3,3,3,3,3,2,2,3,3,2,3,,,,,,,,,24,2,2,2
DB,319031,63,65,17,67.9,69.1,18.4,41.52,14.75,19,m,4,4,4,3,3,2,2,2,2,2,2,2,2,2,2,1,1,1,3,2,2,2,3,2,,,,,,,,,24,2,4,4
DB,319053,56,60,18,57.9,60,19.4,33.21,12.26,18,f,4,4,4,4,4,4,4,4,4,4,4,4,4,4,4,4,4,4,4,4,4,4,4,4,,,,,,,,,24,4,4,4
DB,319036,59,64,17,58.8,63.9,19,33.81,11.83,20,m,3,2,2,2,2,2,3,3,2,2,2,2,2,2,2,none,2,1,2,3,3,1,2,2,,,,,,,,,23,2,3,3
DB,319038,49,50,15,54.1,55.5,15.8,23.13,8.63,17,m,2,2,2,2,2,2,2,2,2,2,2,2,2,2,2,2,2,2,2,2,2,2,2,2,,,,,,,,,24,2,2,2
DB,319040,58,60,17,62.7,62.2,18.8,32.48,10.74,20,m,3,2,2,3,3,3,3,3,2,3,2,,2,3,3,3,3,2,2,3,2,3,2,2,,,,,,,,,23,3,3,3
DB,319042,52,48,16,56.8,61.4,18.2,27.94,9.48,19,m,2,2,2,2,2,2,2,2,2,3,2,3,3,2,2,3,2,2,2,1,3,1,2,2,,,,,,,,,24,2,2,2
DB,319044,59,61,17,62,62.1,18.8,35.06,12.33,21,m,2,2,3,2,2,2,3,2,2,2,2,2,2,2,3,2,2,3,2,2,3,3,3,3,,,,,,,,,24,2,2,2
DB,319045,54,55,16,57.7,60.1,18.4,30.09,11.52,17,m,2,2,3,2,2,3,3,3,2,3,2,2,2,3,2,2,3,2,2,2,3,2,3,3,,,,,,,,,24,2,2,2
DB,319047,55,56,16,55.1,54.7,16.8,26.04,10.21,17,m,2,2,2,2,2,3,3,3,2,2,2,2,3,2,2,2,2,2,2,2,3,2,2,3,,,,,,,,,24,2,2,2
DB,319048,54,60,16,56,59.5,18,27.81,9.29,15,f,3,3,3,3,3,3,3,3,3,3,3,3,3,3,3,3,3,3,3,3,3,3,3,3,,,,,,,,,24,3,3,3
DB,319049,70,74,21,73,75.2,21.7,53.96,16.41,22,f,3,3,3,3,3,3,3,3,3,3,3,3,3,3,3,3,4,4,4,4,4,4,4,4,,,,,,,,,24,3,3,3
DB,321001,59,59,15,57,57.2,16.5,27.2,8.68,19,f,3,3,3,3,3,3,3,3,3,3,3,3,3,3,3,3,3,3,3,3,3,3,3,3,,,,,,,,,24,3,3,3
DB,321002,67,72,20,74,79.3,22.3,57.82,20.47,24,m,3,2,3,3,3,3,3,3,2,3,3,3,2,3,2,2,2,3,2,3,3,2,3,3,,,,,,,,,24,3,3,3
DB,321005,56,56,16,56.2,56.5,15.9,24.55,9,18,f,3,3,3,3,3,3,3,3,3,3,3,3,3,3,3,3,3,3,3,3,3,3,3,3,,,,,,,,,24,3,3,3
DB,321007,60,58,17,63.7,63.5,18.8,39.28,12.36,19,m,3,3,3,3,3,3,3,3,3,3,3,3,3,3,3,3,3,3,3,3,3,3,3,3,,,,,,,,,24,3,3,3
DB,321009,61,69,19,63.5,68.5,19.1,36.63,13.15,19,m,2,2,2,2,2,2,2,2,2,2,2,2,2,2,2,2,2,2,2,2,2,2,2,2,,,,,,,,,24,2,2,2
DB,321058,50,52,14,52,51.4,16,21.06,9.65,18,m,3,3,3,3,3,3,3,3,3,3,3,3,3,3,3,3,3,3,3,3,3,3,3,3,,,,,,,,,24,3,3,3
DB,321014,58,55,15,50.2,59,16.4,27.94,10.51,19,m,3,2,2,3,2,2,3,1,2,2,3,2,3,2,2,2,3,3,2,2,3,2,2,2,,,,,,,,,24,2,3,3
DB,321016,60,56,14,60.2,60.8,15.2,27.96,10.6,17,f,3,3,3,3,3,3,3,3,3,3,3,3,3,3,3,3,3,3,3,3,3,3,3,3,,,,,,,,,24,3,3,3
DB,321017,59,59,16,61.4,60.2,17.8,30.56,12.21,19,f,3,3,3,3,3,3,3,3,3,3,3,3,3,3,3,3,3,3,3,3,3,3,3,3,,,,,,,,,24,3,3,3
DB,321018,46,50,15,47.8,51.2,16,17.67,7.31,16,m,3,3,2,2,3,3,3,2,3,3,3,2,2,3,3,2,2,2,2,2,3,2,3,3,,,,,,,,,24,3,3,3
DB,321020,63,66,17,64,70,19.1,36.68,13.46,21,m,3,3,3,3,3,3,3,3,3,3,3,3,3,3,3,3,3,3,3,3,3,3,3,3,,,,,,,,,24,3,3,3
DB,321021,59,65,14,57.9,63.1,14.1,16.48,4.18,12,m,3,3,3,3,2,2,3,2,2,2,3,3,3,3,3,3,3,3,3,3,3,3,2,3,,,,,,,,,24,3,3,3
DB,321027,62,64,17,61.2,67.1,18,34.6,11.26,20,f,3,3,3,3,3,3,3,3,4,4,4,4,4,4,4,4,4,4,4,4,4,4,4,4,,,,,,,,,24,4,3,3
DB,321028,65,70,18,65.7,70.9,18.5,44.74,15.08,22,m,2,2,3,3,3,3,3,3,3,3,3,3,3,3,3,3,3,3,3,3,3,3,3,3,,,,,,,,,24,3,2,2
DB,321029,63,56,17,60.8,59.1,19.6,33.76,12.25,22,f,3,3,3,3,3,3,3,3,3,3,3,3,3,3,3,3,3,3,3,3,3,3,3,3,,,,,,,,,24,3,3,3
DB,321030,60,62,16,61.5,57.5,16.7,25.16,9.63,20,f,3,3,3,3,3,3,3,3,3,3,3,3,3,3,3,3,3,3,3,3,3,3,3,3,,,,,,,,,24,3,3,3
DB,321032,56,58,16,64.7,65.2,17,33.5,13.06,20,m,3,3,2,2,2,3,2,3,3,3,2,3,3,3,2,2,2,2,3,3,3,3,2,3,,,,,,,,,24,3,3,3
DB,321034,68,72,20,72.3,72.8,20.7,48.75,16.26,21,m,3,3,3,3,3,3,3,3,3,3,3,3,3,3,3,3,3,3,3,3,3,3,3,3,,,,,,,,,24,3,3,3
DB,321035,53,62,16,50.5,59.5,16.4,25.84,9.47,17,f,3,3,3,3,3,3,3,3,3,3,3,3,3,3,3,3,3,3,3,3,3,3,3,3,,,,,,,,,24,3,3,3
DB,321036,50,50,15,57.4,56.8,16.7,20.47,8.75,17,m,3,3,3,3,3,3,3,3,3,3,3,3,3,3,3,3,3,3,3,3,3,3,3,3,,,,,,,,,24,3,3,3
DB,321038,56,62,13,55.9,60.5,18,26.86,10.63,19,m,3,3,3,3,3,3,3,3,3,3,3,3,3,3,3,3,3,3,3,3,3,3,3,3,,,,,,,,,24,3,3,3
DB,321039,66,70,17,65,70.2,18,35.79,10.74,18,m,3,3,3,3,3,3,3,3,3,3,3,3,3,3,3,3,3,3,3,3,3,3,3,3,,,,,,,,,24,3,3,3
DB,321041,60,62,16,62,60.6,15.3,27.6,9.15,19,m,3,3,3,3,3,3,3,3,3,3,3,3,3,3,3,3,3,3,3,3,3,3,3,3,,,,,,,,,24,3,3,3
DB,321042,55,56,17,53.3,56,18.3,22.62,8.78,17,m,3,3,3,3,3,3,3,3,3,3,3,3,3,3,3,3,3,3,3,3,3,3,3,3,,,,,,,,,24,3,3,3
DB,321043,64,67,18,63.5,66.5,18.2,35.93,11.84,19,m,3,3,3,3,3,3,3,3,3,3,3,3,3,3,3,3,3,3,3,3,3,3,3,3,,,,,,,,,24,3,3,3
DB,321044,67,60,18,68.1,62.6,20.6,43.77,15.55,21,m,3,3,3,3,3,3,3,3,3,3,3,3,3,3,3,3,3,3,3,3,3,3,3,3,,,,,,,,,24,3,3,3
DB,321045,51,59,16,51.5,56.9,16.2,23.37,6.78,14,f,3,3,3,3,3,3,3,3,3,3,3,3,3,3,3,3,3,3,3,3,3,3,3,3,,,,,,,,,24,3,3,3
DB,321046,68,77,20,70.1,75.5,21.5,55.62,15.2,21,m,3,3,3,3,3,3,3,3,3,3,3,3,3,3,3,3,3,3,3,3,3,3,3,3,,,,,,,,,24,3,3,3
DB,321048,61,62,18,59.9,58,17.9,23.14,7.11,16,m,3,3,3,3,3,3,3,3,3,3,3,3,3,3,3,3,3,3,3,3,3,3,3,3,,,,,,,,,24,3,3,3
DB,321050,58,65,15,55.6,62.5,16.9,27.94,8.36,16,f,4,4,4,4,4,4,4,4,4,4,4,4,4,4,4,4,4,4,4,4,4,4,4,4,,,,,,,,,24,4,4,4
NB,301003,61,62,16,62.2,61.5,15.8,24.86,8.93,18,f,5,5,5,5,5,5,5,5,5,5,5,5,5,5,5,5,5,5,5,5,5,5,5,5,4,5,4,2,none,2,4,none,30,5,5,5
NB,301013,60,61,18,69,72.5,18.2,42.24,17.93,26,f,3,3,3,3,3,3,3,3,3,3,3,3,3,3,3,3,3,3,3,3,3,3,3,3,,,,,,,,,24,3,3,3
NB,301016,50,54,15,50.4,53.9,15.3,17.47,7.48,18,m,3,3,2,2,2,2,2,2,2,4,3,2,2,3,2,2,2,2,2,3,3,3,3,3,,,,,,,,,24,2,3,3
NB,301018,53,53,17,58.5,61,18.4,29.16,12.06,21,m,3,3,3,2,3,3,2,2,2,3,3,3,3,3,3,2,2,2,2,2,2,2,2,2,,,,,,,,,24,2,3,3
NB,301043,66,69,19,65.5,70.6,19.2,44.42,16.76,25,f,2,2,2,2,2,2,2,2,3,3,3,3,3,3,3,3,3,3,3,3,3,3,3,3,,,,,,,,,24,3,2,2
NB,305002,52,50,15,52.9,54.2,15.1,21.91,10.04,19,f,3,3,3,3,3,3,3,3,3,3,3,3,3,3,3,3,3,3,3,3,3,3,3,3,,,,,,,,,24,3,3,3
NB,305003,54,54,16,56.2,57.3,16.4,24.88,9.6,19,f,3,3,3,3,3,3,3,3,3,3,3,3,3,3,3,3,3,3,3,3,3,3,3,3,5,none,1,5,1,1,1,,30,3,3,3
NB,305005,57,59,14,58.3,63.1,16.7,22.68,9.06,19,m,3,3,3,3,3,3,3,3,3,3,3,3,3,3,3,3,3,3,3,3,3,3,3,3,,,,,,,,,24,3,3,3
NB,305006,60,61,18,62.6,63.9,19.1,31.6,12.15,22,m,2,2,3,2,2,3,3,2,3,2,3,3,2,2,2,2,2,1,1,2,2,2,2,2,,,,,,,,,24,2,2,2
NB,305008,55,58,15,56,57.7,15.3,19.66,6.84,17,m,2,3,3,3,3,3,3,3,3,2,2,2,2,2,2,2,2,2,2,2,3,3,3,3,,,,,,,,,24,2,2,2
NB,305009,55,62,16,55.7,63,17.1,25.97,10.55,19,f,3,3,3,3,3,3,3,3,3,3,3,3,3,3,3,3,3,3,3,3,3,3,3,3,,,,,,,,,24,3,3,3
NB,305015,55,51,15,59.2,60.4,17.1,32.08,12.09,22,m,3,3,3,3,3,3,3,3,3,3,3,3,3,3,3,3,3,3,3,3,3,3,3,3,none,none,5,5,none,5,5,1,29,3,2,3
NB,311028,59,60,18,60.3,60.5,16.1,25.52,10.35,15,m,3,3,3,3,3,3,3,3,3,3,3,3,3,3,3,3,3,3,3,3,3,3,3,3,,,,,,,,,24,3,3,3
NB,318028,60,64,16,61.1,64.9,17.7,31.87,13.64,20,m,1,2,2,2,2,2,3,2,3,3,2,2,2,2,2,1,2,2,2,2,4,2,3,2,,,,,,,,,24,2,1,1
NB,318030,42,41,13,48.8,46.2,14.5,16.16,7.61,17,m,3,2,4,4,4,2,2,4,3,2,2,2,3,2,4,3,3,3,3,3,3,3,3,2,,,,,,,,,24,3,3,3
NB,318040,56,55,15,56.4,57.2,16.5,27.83,11.82,22,m,2,3,2,3,2,4,2,2,4,4,4,2,2,4,2,3,2,2,2,2,2,2,4,2,,,,,,,,,24,2,2,2
NB,318043,51,51,16,55.4,59.6,17,23.4,9.6,20,m,2,3,2,2,2,2,2,3,4,2,3,3,3,3,3,3,2,3,2,3,3,2,3,2,,,,,,,,,24,3,2,2
NB,318050,45,45,13,46.6,47,13.8,14.01,6.52,16,m,2,3,2,2,2,2,2,2,2,2,3,2,4,3,2,3,2,2,1,2,2,2,3,2,,,,,,,,,24,2,2,2
NB,320028,48,45,14,54.5,54.2,15.7,21.22,10.4,20,m,3,3,3,3,3,2,3,3,2,3,2,2,3,3,3,2,3,3,1,3,3,2,2,2,,,,,,,,,24,3,3,3
NB,320038,51,51,15,55,60.3,15.8,29.99,12.63,23,m,3,3,2,3,3,2,3,2,3,3,3,3,2,3,3,3,3,2,3,2,2,2,3,3,,,,,,,,,24,3,3,3
NB,320045,49,51,15,49.9,52,14.6,20.25,8.31,14,f,3,3,3,3,3,3,3,3,3,3,3,3,3,3,3,3,4,4,4,4,4,4,4,4,,,,,,,,,24,3,3,3
NB,320046,57,55,16,64.2,64.5,19.1,36.34,15.86,22,m,none,0,5,4,none,5,1,none ,0,none,0,0,0,5,5,5,5,0,5,none,none,5,5,5,,,,,,,,,18,5,#DIV/0!,0
NB,322001,51,50,14,54,52.6,14.8,18.29,7.1,15,m,3,2,2,3,2,3,3,3,2,3,3,3,3,2,3,3,2,3,3,3,3,3,2,3,,,,,,,,,24,3,3,3
NB,322008,44,45,14,46.9,59,15.8,19.95,9.15,20,f,4,4,4,4,4,4,4,4,4,4,4,4,4,4,4,4,4,4,4,4,4,4,4,4,,,,,,,,,24,4,4,4
NB,322013,60,56,15,71,68.2,18.9,42.19,17,22,m,3,3,3,3,3,3,3,3,3,3,3,3,3,3,3,3,3,3,3,3,3,3,3,3,,,,,,,,,24,3,3,3
NB,322018,52,54,15,53.1,53.9,14.4,17.71,7.01,16,m,4,4,4,4,4,4,4,4,4,4,4,4,4,4,4,4,4,4,4,4,4,4,4,4,,,,,,,,,24,4,4,4
NB,325014,45,45,14,46.1,45.6,14.8,12.18,4,9,m,3,3,3,3,3,3,3,3,3,3,3,3,3,3,3,3,3,3,3,3,3,3,3,3,,,,,,,,,24,3,3,3
NB,325021,47,53,14,54.2,58.6,17.9,31.12,12.9,20,m,3,3,3,3,3,3,3,3,3,3,3,3,3,3,3,3,3,3,3,3,3,3,3,3,,,,,,,,,24,3,3,3
NB,325028,50,51,15,50.9,51.9,14.7,20.75,7.67,16,m,3,3,3,3,3,3,3,3,3,3,3,3,3,3,3,3,3,3,3,3,3,3,3,3,,,,,,,,,24,3,3,3
NB,325033,50,49,13,62.2,64.2,15.8,27.19,10.17,22,m,1,1,1,1,1,1,1,1,2,2,1,1,1,2,2,1,2,1,2,2,2,1,1,1,,,,,,,,,24,1,1,1
TI,304001,51,51,16,50,57.7,17.2,24.66,9.03,20,m,4,4,4,4,4,4,4,4,4,4,4,4,4,4,4,4,3,3,3,3,3,3,3,3,3,3,,,,,,,26,4,4,4
TI,304003,56,58,16,65.5,70,19.1,39.77,14.69,21,m,3,3,3,2,2,3,3,3,2,2,2,2,2,2,2,3,3,3,3,3,3,3,3,3,,,,,,,,,24,3,3,3
TI,304004,57,58,16,66.9,68.3,18.5,41.67,15.72,19,m,3,3,3,3,3,3,3,3,3,3,3,3,3,3,3,3,3,3,3,3,3,3,3,3,,,,,,,,,24,3,3,3
TI,304006,52,55,15,63.3,66.9,16.8,32.49,12.7,19,m,none,none,0,5,0,0,0,0,0,none,4,0,none,0,4,0,none,none,0,0,0,0,none,none,,,,,,,,,16,0,#DIV/0!,0
TI,304007,64,65,17,77.5,80,16.5,51.64,17.53,21,m,3,3,3,3,3,3,3,3,3,3,3,3,3,3,3,3,3,3,3,3,3,3,3,3,2,3,2,2,2,3,2,3,32,3,3,3
TI,304008,48,46,14,65.6,55.8,17.9,25.86,11.18,21,m,3,2,2,2,3,3,3,3,3,3,3,3,3,3,3,2,3,3,3,3,3,3,2,3,,,,,,,,,24,3,3,3
TI,304009,51,50,13,67.5,68.3,15.5,31.94,13.48,24,m,3,3,3,3,3,3,3,3,3,3,3,3,3,3,3,3,3,3,3,3,3,3,3,3,,,,,,,,,24,3,3,3
TI,304012,48,45,13,57.2,61.6,16.3,23.5,9.06,17,m,3,3,3,3,3,3,3,3,3,3,3,3,3,3,3,3,3,3,3,3,3,3,3,3,,,,,,,,,24,3,3,3
TI,304014,48,50,15,54.6,58.3,16.8,23.79,10.11,19,m,2,2,2,2,3,3,3,3,2,3,2,1,3,2,2,3,3,3,3,2,2,3,2,2,,,,,,,,,24,2,2,2
TI,304056,47,45,13,62.4,58.9,16.2,29.06,11.52,16,m,3,3,3,3,3,3,3,3,3,3,3,3,3,3,3,3,3,3,3,3,3,3,3,3,,,,,,,,,24,3,3,3
TI,304020,43,45,15,48.4,48.9,15.9,17.81,7.91,18,m,3,3,3,3,3,3,3,3,3,3,3,3,3,3,3,3,3,3,3,3,3,3,3,3,,,,,,,,,24,3,3,3
TI,304021,65,69,17,69.4,77.2,16.1,47.39,19.28,22,m,2,2,3,3,3,2,2,2,2,3,2,2,2,2,3,2,3,3,3,3,3,3,3,3,,,,,,,,,24,3,2,2
TI,304022,60,62,17,69.2,76.4,19.5,45.2,17.89,25,f,3,3,3,3,3,3,3,3,3,3,3,3,3,3,3,3,3,3,3,3,3,3,3,3,,,,,,,,,24,3,3,3
TI,304024,45,47,15,53,56.1,16,21.83,8.41,17,m,2,2,2,2,2,2,2,3,2,2,2,2,2,2,2,2,2,3,2,3,2,4,2,4,,,,,,,,,24,2,2,2
TI,304028,67,69,20,75.6,78,21.2,60.82,22.87,25,m,2,2,2,2,2,2,2,2,3,2,2,2,3,3,3,3,3,3,2,3,2,3,3,2,,,,,,,,,24,2,2,2
TI,304032,54,56,15,70.8,72.1,17.6,40.31,14.11,20,m,3,3,3,3,3,3,3,3,4,4,4,4,4,4,4,4,4,4,4,4,4,4,4,4,5,,,,,,,,25,4,3,3
TI,304054,32,30,9,35.8,34,10.5,6.38,2.58,11,m,3,3,3,3,3,3,3,3,3,3,3,3,3,3,3,3,3,3,3,3,3,3,3,3,0,0,5,5,5,0,5,0,32,3,1.5,3
TI,304041,44,44,14,53.1,55.9,15.4,19.94,7.85,16,f,4,4,4,4,4,4,4,4,4,4,4,4,4,4,4,4,4,4,4,4,4,4,4,4,,,,,,,,,24,4,4,4
TI,304042,57,56,16,63.8,60.8,17.7,34.62,12.53,20,m,2,2,2,3,2,2,3,3,none,3,3,3,none,2,2,none,2,3,3,2,3,3,3,3,,,,,,,,,21,3,2,2
TI,304059,55,53,15,64.2,64.6,17.3,34.36,13.33,22,f,3,3,3,3,3,3,3,3,3,3,3,3,3,3,3,3,3,3,3,3,3,3,3,3,,,,,,,,,24,3,3,3
TI,304045,51,42,15,50.1,47.9,14,18.4,7.45,17,m,3,3,3,3,3,3,3,3,3,3,3,3,3,3,3,3,3,3,3,3,3,3,3,3,,,,,,,,,24,3,3,3
TI,304046,55,57,16,61.4,61.3,17.6,36.59,14.48,22,m,none,5,5,5,5,5,5,none,none,1,1,2,2,2,2,2,5,2,2,0,0,0,0,0,,,,,,,,,21,5,#DIV/0!,0
TI,304047,52,54,15,63.6,65.5,16.5,34.19,12.37,19,m,3,3,3,3,2,2,2,3,3,2,2,2,3,2,2,2,3,3,3,2,3,2,3,none,,,,,,,,,23,3,3,3
TI,304048,54,53,17,62.3,70.9,19.8,38.08,15.1,21,m,3,2,2,2,2,3,3,3,2,2,2,2,3,2,2,2,2,2,2,3,3,2,2,2,,,,,,,,,24,2,3,3
TI,304049,49,47,14,66.5,69.7,15.8,29.77,11.03,20,f,3,3,3,3,3,3,3,3,4,4,4,4,4,4,4,4,4,4,4,4,4,4,4,4,,,,,,,,,24,4,3,3
TI,304050,58,47,13,59.4,61.6,14.1,26.65,10.4,19,f,5,5,5,5,5,5,5,5,5,5,5,5,5,5,5,5,5,5,5,5,5,5,5,5,,,,,,,,,24,5,5,5
TI,307001,49,49,14,54.2,59.2,16,24.61,9.43,15,m,3,3,3,3,3,3,3,3,3,3,3,3,3,3,3,3,3,3,3,3,3,3,3,3,,,,,,,,,24,3,3,3
TI,307002,48,48,15,62.9,62.5,15.9,28.6,10.81,17,m,3,3,3,3,3,3,3,3,3,3,3,3,3,3,3,3,3,3,3,3,3,3,3,3,,,,,,,,,24,3,3,3
TI,307003,51,48,14,62.3,60.8,15.5,30.13,12.12,21,m,2,2,3,3,2,3,2,3,2,2,2,3,2,2,2,3,2,3,3,2,,3,3,3,2,2,2,2,2,2,2,2,31,2,2,2
TI,307004,54,53,15,64,70.3,16.7,32.29,15.11,20,m,3,3,3,3,3,3,3,3,3,3,3,3,3,3,3,3,3,3,3,3,3,3,3,3,,,,,,,,,24,3,3,3
TI,307005,45,42,16,52.7,51.6,18.6,23.24,10.02,18,m,3,3,3,3,3,3,3,3,3,3,3,3,3,3,3,3,3,3,3,3,3,3,3,3,,,,,,,,,24,3,3,3
TI,307006,48,50,14,58.2,57.7,15.5,25.53,10.51,18,m,4,4,4,4,4,4,4,4,4,4,4,4,4,4,4,4,4,4,4,4,4,4,4,4,,,,,,,,,24,4,4,4
TI,307007,45,44,13,52.2,55.2,15.2,20.09,8.45,17,m,3,3,3,3,3,3,3,3,3,3,3,3,3,3,3,3,3,3,3,3,3,3,3,3,,,,,,,,,24,3,3,3
TI,307008,56,53,16,66.6,66.7,18.9,41.5,16.06,23,m,3,3,3,3,3,3,3,3,3,3,2,2,2,3,2,3,3,3,2,2,3,3,2,2,,,,,,,,,24,3,3,3
TI,307009,51,54,14,55.8,56.2,15,23.34,10.36,20,m,3,3,3,3,3,3,3,3,3,3,3,3,3,3,3,3,3,3,3,3,3,3,3,3,,,,,,,,,24,3,3,3
TI,307010,46,45,13,57.6,61.3,14.5,19.65,6.74,17,m,3,2,2,2,2,3,2,2,2,2,2,2,3,3,2,3,3,2,3,3,2,2,2,2,,,,,,,,,24,2,3,3
TI,307052,59,58,16,71.3,66.3,17.3,36.27,13.99,21,m,4,4,4,4,4,4,4,4,4,4,4,2,4,4,4,4,2,2,2,4,4,4,4,2,,,,,,,,,24,4,4,4
TI,307013,46,45,12,55.7,54.7,13.4,18.83,7.53,16,m,3,2,3,3,2,3,2,3,2,3,2,3,2,3,3,3,2,3,2,2,3,2,2,3,,,,,,,,,24,3,3,3
TI,307014,41,40,13,47.1,46.1,14.5,15.21,6.68,15,m,3,3,3,3,3,3,3,3,3,3,3,3,3,3,3,3,3,3,3,3,3,3,3,3,,,,,,,,,24,3,3,3
TI,307015,60,60,15,71,74.5,18.4,38.89,14.84,21,m,3,3,3,2,2,3,2,2,3,3,2,3,2,3,3,3,3,2,2,3,3,3,2,2,,,,,,,,,24,3,3,3
TI,307016,58,60,15,66.2,67.9,17.9,35.85,13.06,21,m,3,3,3,3,3,3,3,3,3,3,3,3,3,3,3,3,3,3,3,3,3,3,3,3,,,,,,,,,24,3,3,3
TI,307017,47,50,15,54.5,55,17,23.74,11.44,21,m,2,2,3,3,3,2,2,2,3,3,2,3,none,3,3,2,2,2,3,2,2,2,3,2,,,,,,,,,23,2,2,2
TI,307018,51,50,13,63,71,16.2,30.62,11.61,21,f,4,4,4,4,4,4,4,4,4,4,4,4,4,4,4,4,4,4,4,4,4,4,4,4,,,,,,,,,24,4,4,4
TI,307019,45,48,12,55.5,57.3,14.5,21.31,9.11,17,m,3,3,3,3,3,3,3,3,3,3,3,3,3,3,3,3,3,3,3,3,3,3,3,3,,,,,,,,,24,3,3,3
TI,307020,41,40,12,51,56.2,15.6,19.39,8.37,18,m,2,2,3,3,3,1,3,3,3,2,3,3,3,3,2,3,3,3,2,3,3,2,2,3,,,,,,,,,24,3,2,2
TI,307021,46,46,13,60.9,66.1,16,27.13,11.81,21,m,3,3,3,3,3,3,3,3,3,3,3,3,3,3,3,3,3,3,3,3,3,3,3,3,,,,,,,,,24,3,3,3
TI,307022,46,47,13,54.5,53.1,15.2,21.05,9.72,17,m,2,2,2,2,2,2,2,2,2,2,2,2,2,2,2,2,2,2,2,2,2,2,2,2,,,,,,,,,24,2,2,2
TI,307023,51,48,13,57.4,62.2,16.6,27.72,10.41,16,m,3,3,3,3,3,3,3,3,3,3,3,3,3,3,3,3,3,3,3,3,3,3,3,3,,,,,,,,,24,3,3,3
TI,307024,51,50,13,60.1,61.8,15.3,25.58,9.48,18,f,3,3,3,3,3,3,3,3,3,3,3,3,3,3,3,3,3,3,3,3,3,3,3,3,,,,,,,,,24,3,3,3
TI,307026,46,45,15,61.2,62,18.2,27.46,11.51,20,m,0,0,0,0,0,0,0,0,0,0,0,0,0,0,0,0,0,0,0,0,0,0,0,0,,,,,,,,,24,0,0,0
TI,307027,52,54,14,55.6,56,16.3,26.96,11.04,20,m,3,3,3,3,3,3,3,3,3,3,3,3,3,3,3,3,3,3,3,3,3,3,3,3,,,,,,,,,24,3,3,3
TI,307028,53,55,17,59.2,60,19,31.82,11.7,20,m,3,3,3,3,3,3,3,3,3,3,3,3,3,3,3,3,3,3,3,3,3,3,3,3,,,,,,,,,24,3,3,3
TI,307029,42,43,11,42.4,41.7,11.9,7.1,2.97,11,f,3,3,3,3,3,3,3,3,3,3,3,3,3,3,3,3,3,3,3,3,3,3,3,3,,,,,,,,,24,3,3,3
TI,307030,53,51,15,59.4,58.5,15.5,25.84,10.34,19,m,1,1,1,1,1,1,1,1,1,1,1,1,1,1,1,1,1,1,1,1,1,1,1,1,,,,,,,,,24,1,1,1
TI,307031,47,46,12,60,61.1,16.4,26.6,10.79,20,m,3,3,3,3,3,3,3,3,3,3,3,3,3,3,3,3,3,3,3,3,3,3,3,3,,,,,,,,,24,3,3,3
TI,307032,49,48,15,58.7,58.8,17.4,29.03,11.16,17,m,5,5,5,5,5,5,5,5,5,5,5,5,5,5,5,5,5,5,5,5,5,5,5,5,,,,,,,,,24,5,5,5
TI,307053,43,41,12,45.4,44.1,13.4,13.4,4.85,14,m,3,3,3,3,3,3,3,3,3,3,3,3,3,3,3,3,3,3,3,3,3,3,3,3,,,,,,,,,24,3,3,3
TI,307034,51,50,15,57.9,58.6,17.4,29.84,12.4,20,f,3,3,3,3,3,3,3,3,3,4,4,4,4,4,4,4,4,4,4,4,4,4,4,4,,,,,,,,,24,4,3,3
TI,307035,49,47,14,65.3,61,17.2,26.33,11.12,19,f,3,3,3,3,3,3,3,3,3,3,3,3,3,3,3,3,3,3,3,3,3,3,3,3,,,,,,,,,24,3,3,3
TI,307051,58,57,13,66.3,69.4,16.5,37.33,15.51,21,m,2,2,2,2,2,2,2,3,2,2,4,2,2,2,2,2,2,2,2,2,2,2,2,2,,,,,,,,,24,2,2,2
TI,307039,44,42,12,55.9,63.3,14.8,24.36,9.01,20,m,4,4,4,4,4,4,4,none,4,4,4,4,4,4,4,4,4,4,3,4,2,3,4,4,,,,,,,,,23,4,4,4
TI,307040,50,48,13,57.8,55.6,15.9,23.75,10.88,21,m,2,2,2,2,2,2,2,2,2,2,2,2,2,2,2,2,2,2,2,2,2,2,2,2,,,,,,,,,24,2,2,2
TI,307041,40,39,11,46,45.2,13.8,14.87,6.25,18,m,1,1,1,1,1,0,0,0,1,1,5,1,5,1,0,0,5,0,5,5,5,5,5,5,,,,,,,,,24,1,1,1
TI,307042,48,47,13,59.6,59.6,16.1,26.36,11.61,20,m,2,2,2,2,2,2,2,2,2,2,2,2,2,2,2,2,2,2,2,2,2,2,2,2,,,,,,,,,24,2,2,2
TI,307043,43,41,12,51.5,53,15,18.42,8.66,18,m,4,4,4,4,4,4,4,4,4,4,4,4,4,4,4,4,4,4,4,4,4,4,4,4,,,,,,,,,24,4,4,4
TI,307044,24,22,6,23.3,21.2,6.7,1.49,0.45,5,m,2,2,2,2,2,3,2,3,2,2,2,2,3,3,2,2,3,3,3,2,2,2,2,3,,,,,,,,,24,2,2,2
TI,307045,43,42,11,53.2,51.3,13.6,15.91,6.67,17,m,2,2,2,3,3,2,3,2,3,3,2,2,2,2,2,2,2,2,3,2,3,2,2,2,,,,,,,,,24,2,2,2
TI,307046,55,55,14,59.5,59.1,15.4,26.69,10.04,17,m,3,3,3,3,3,3,3,3,4,4,4,4,4,4,4,4,4,4,4,4,4,4,4,4,,,,,,,,,24,4,3,3
TI,307047,57,58,15,65.5,67.2,18.8,36.57,13.14,21,m,2,2,2,2,2,2,2,2,2,2,2,2,2,2,none,2,3,2,2,2,2,2,3,3,,,,,,,,,23,2,2,2
TI,307049,61,62,17,70.2,76.5,22,52.76,22.24,23,m,3,3,3,3,3,3,2,3,2,3,3,2,3,3,2,3,2,2,2,2,3,3,3,2,,,,,,,,,24,3,3,3
TI,309036,52,51,14,57.4,62.5,15.5,26.12,9.87,17,m,3,3,3,3,3,3,3,3,3,3,3,3,3,3,3,3,3,3,3,3,3,3,3,3,,,,,,,,,24,3,3,3
TI,309037,52,55,16,65.7,65.6,17.4,29.74,10.38,19,m,3,3,3,3,3,3,3,3,2,2,2,2,2,2,2,2,2,2,2,2,2,2,2,2,,,,,,,,,24,2,3,3
TI,309047,62,66,17,69.5,71.1,19,45.04,17.62,26,m,3,3,3,3,3,3,3,3,3,3,3,3,3,3,3,3,3,3,3,3,3,3,3,3,,,,,,,,,24,3,3,3
TI,309048,36,34,11,44.2,40.6,11.2,9.54,3.9,14,m,3,3,3,3,3,3,3,3,3,3,3,3,3,3,3,3,3,3,3,3,3,3,3,3,,,,,,,,,24,3,3,3
TI,309058,,,,63.2,64.8,16.8,31.44,11.82,20,m,4,4,4,4,4,4,4,4,4,4,4,4,4,4,4,4,4,4,4,4,4,4,4,4,,,,,,,,,24,4,4,4
TI,309061,,,,61.1,60.9,17.5,30.75,11.87,20,m,2,3,2,2,3,2,3,3,2,2,3,3,2,2,2,2,2,3,3,2,2,2,2,2,,,,,,,,,24,2,2,2
TI,309063,,,,60.9,65.9,17.6,31.97,12.1,20,m,3,3,3,3,3,3,3,3,3,3,3,3,3,3,3,3,3,3,3,3,3,3,3,3,,,,,,,,,24,3,3,3
TI,312009,54,51,16,59.1,61.5,19.8,35.54,13.82,22,m,3,3,3,3,3,3,3,3,3,3,3,3,3,3,3,3,3,3,3,3,3,3,3,3,,,,,,,,,24,3,3,3
TI,312018,46,46,12,55,56.5,15.3,19.71,7.75,18,m,3,3,3,3,3,3,3,3,3,3,3,3,3,3,3,3,3,3,3,3,3,3,3,3,,,,,,,,,24,3,3,3
TI,312054,57,55,15,60.6,65.7,15.9,31.04,10.67,19,m,3,3,3,3,3,3,3,3,3,3,3,3,3,3,3,3,3,3,3,3,3,3,3,3,,,,,,,,,24,3,3,3
TI,312033,57,58,15,71,74,18.4,44.26,17.03,23,f,3,3,3,3,3,3,3,3,4,4,4,4,4,4,4,4,4,4,4,4,4,4,4,4,none,3,2,3,3,3,3,3,31,4,3,3
TI,312035,50,50,13,61.6,61.5,16.2,26.5,10.5,18,m,3,3,3,3,3,3,3,3,3,3,3,3,3,3,3,3,3,3,3,3,3,3,3,3,,,,,,,,,24,3,3,3
TI,312055,55,54,16,64.5,67,18.2,34.48,13.4,21,m,3,4,3,3,3,3,3,3,3,4,2,3,3,2,3,3,4,4,3,3,3,3,4,4,,,,,,,,,24,3,3,3
TI,312053,49,47,12,61.2,59.9,15,23.7,9.61,18,m,3,3,3,3,3,3,3,3,3,3,3,3,3,3,3,3,3,3,3,3,3,3,3,3,,,,,,,,,24,3,3,3
TI,312043,51,51,14,56.5,54.8,16.4,23.92,11.05,19,m,2,2,2,2,2,2,2,2,2,2,2,2,2,2,2,2,2,2,2,2,2,2,2,2,,,,,,,,,24,2,2,2
TI,312044,55,54,17,61,62.4,20,35.59,12.92,20,m,2,2,2,2,3,2,3,3,3,3,3,3,3,3,3,3,3,1,3,3,3,3,3,3,,,,,,,,,24,3,2,2
TI,312049,51,50,13,59.7,55.7,15.6,24.64,9.65,19,f,4,4,4,4,4,4,4,4,4,4,4,4,4,4,4,4,4,4,4,4,4,4,4,4,,,,,,,,,24,4,4,4
TI,312050,50,49,14,58.5,59.1,16,24.39,9.3,19,f,3,3,3,3,3,3,3,3,3,3,3,3,3,3,3,3,3,3,3,3,3,3,3,3,,,,,,,,,24,3,3,3
TI,312064,,,,51.2,51.7,15.9,19.01,7.82,17,m,2,2,2,2,2,2,2,2,2,2,2,2,2,2,2,2,2,2,2,2,2,2,2,2,,,,,,,,,24,2,2,2
TI,312073,,,,70.4,73,18.6,40.81,16.21,20,m,3,3,3,3,3,3,3,3,3,3,3,3,3,3,3,3,3,3,3,3,3,3,3,3,,,,,,,,,24,3,3,3
TI,312074,,,,61,60,16.7,29.76,11.89,20,f,4,4,4,4,4,4,4,4,4,4,4,4,4,4,4,4,4,4,4,4,4,4,4,4,,,,,,,,,24,4,4,4
TI,312076,,,,64.1,67.2,16.7,34.77,13.49,20,m,3,3,3,3,3,3,3,3,3,3,3,3,3,3,3,3,3,3,3,3,3,3,3,3,,,,,,,,,24,3,3,3
TI,312081,,,,66.1,67.5,17.8,37.63,14.59,22,m,2,2,2,2,2,2,2,2,2,2,2,2,2,2,2,2,2,2,2,2,2,2,2,2,,,,,,,,,24,2,2,2
TI,313003,49,52,15,60.8,59.2,18.5,33.25,11.96,20,f,3,3,3,3,3,3,3,3,3,3,3,3,3,3,3,3,3,3,3,3,3,3,3,3,,,,,,,,,24,3,3,3
TI,313004,65,64,16,77.2,80.2,19.3,53.26,23.42,24,m,3,3,3,3,2,2,2,2,2,2,2,2,2,2,2,2,2,3,2,3,3,2,2,2,,,,,,,,,24,2,3,3
TI,313052,62,65,18,67.1,72.1,21,52.11,20,25,m,3,3,3,3,3,3,3,3,3,3,3,3,3,3,3,3,3,3,3,3,3,3,3,3,5,0,5,0,none,0,0,0,31,3,1.5,3
TI,313054,55,55,15,61.6,63.6,18.8,37.68,14.11,20,f,4,4,4,4,4,4,4,4,4,4,4,4,4,4,4,4,3,3,3,3,3,3,3,3,none,3,3,3,3,3,,,29,4,4,4
TI,313010,47,45,14,59.8,61,17.4,27.28,11.09,20,m,3,3,2,3,3,3,3,2,2,2,2,2,2,2,2,2,3,2,2,3,3,2,2,3,,,,,,,,,24,2,3,3
TI,313051,66,67,19,96.1,71.3,21.1,48.96,18.08,25,m,3,3,3,3,3,3,3,3,3,3,3,3,3,3,3,3,3,3,3,3,3,3,3,3,,,,,,,,,24,3,3,3
TI,313017,55,57,16,62.5,69.3,19.5,36.76,14.52,20,f,4,4,4,4,4,4,4,4,4,4,4,4,4,4,4,4,4,4,4,4,4,4,4,4,,,,,,,,,24,4,4,4
TI,313019,47,50,14,56,61.6,17.8,30.59,12.06,21,m,2,2,2,2,1,2,1,2,2,2,2,2,2,3,2,2,2,3,2,1,2,2,2,2,,,,,,,,,24,2,2,2
TI,313020,66,69,18,70.5,71.9,20.3,55.18,16.89,21,m,1,1,1,1,1,1,1,1,1,1,1,1,1,1,1,1,1,1,1,1,1,1,1,1,,,,,,,,,24,1,1,1
TI,313055,51,48,14,67.6,60.2,18,33.37,12.76,19,m,4,4,4,4,4,4,4,4,3,3,3,3,3,3,3,3,4,4,4,4,4,4,4,4,,,,,,,,,24,4,4,4
TI,313022,63,65,15,70.1,71.3,18.5,45.45,17.86,22,m,2,2,2,2,1,2,2,2,2,2,1,2,2,2,2,2,2,2,2,2,2,2,2,2,,,,,,,,,24,2,2,2
TI,313023,43,41,13,58.3,52.5,16.3,21.64,8.54,18,m,5,5,5,5,5,5,5,5,5,5,5,5,5,5,5,5,5,5,5,5,5,5,5,5,,,,,,,,,24,5,5,5
TI,313024,46,46,13,59.1,53.5,15.5,27.36,10.2,19,m,4,4,4,5,4,4,5,4,4,4,4,4,4,4,4,none,4,4,4,none,none,4,4,none,,,,,,,,,20,4,4,4
TI,313025,53,50,13,64.5,59.4,15.6,29.45,12.55,20,m,4,4,4,4,4,4,4,4,4,3,4,4,4,4,4,4,4,4,4,4,4,4,4,4,,,,,,,,,24,4,4,4
TI,313028,58,63,17,67.5,69.5,21.3,44.61,17.76,25,f,3,3,3,3,3,3,3,3,3,3,3,3,3,3,3,3,3,3,3,3,3,3,3,3,,,,,,,,,24,3,3,3
TI,313029,58,57,15,67.9,62.5,17.6,40.9,15,20,m,1,1,1,1,1,1,2,none,1,1,1,1,1,1,1,1,1,1,2,2,1,1,1,1,,,,,,,,,23,1,1,1
TI,313030,50,46,15,58.8,54.6,16.7,26.04,9.68,18,m,2,2,2,1,2,2,2,1,2,1,2,1,1,2,2,2,1,2,2,2,2,2,2,1,,,,,,,,,24,2,2,2
TI,313032,63,60,18,76.5,76.2,19.5,52.78,19.7,23,f,4,4,4,4,4,4,4,4,4,4,4,4,4,4,4,4,4,4,4,4,4,4,4,4,,,,,,,,,24,4,4,4
TI,313034,54,57,16,61.9,66.6,17.4,35.97,11.76,24,m,2,2,2,2,2,2,2,2,2,1,2,2,2,2,2,2,2,2,2,2,2,2,2,2,,,,,,,,,24,2,2,2
TI,313035,55,59,14,65.2,65.6,17,32.09,13.22,22,f,4,4,4,4,4,4,4,4,4,4,4,4,4,4,4,4,4,4,4,4,4,4,4,4,,,,,,,,,24,4,4,4
TI,313036,59,60,15,64.4,66.5,17.7,38.93,13.2,23,m,1,1,1,2,2,2,2,1,2,2,2,2,2,1,2,2,2,1,2,2,2,2,2,2,,,,,,,,,24,2,1,1
TI,313053,47,46,15,58.6,60.2,17.4,28.63,10.79,19,f,4,4,4,4,4,4,4,4,4,4,4,4,4,4,4,4,4,4,4,4,4,4,4,4,,,,,,,,,24,4,4,4
TI,313038,58,60,15,67.3,67.2,17.3,39.04,13.64,20,f,4,4,4,4,4,4,4,4,4,4,4,4,4,4,4,4,4,4,4,4,4,4,4,4,,,,,,,,,24,4,4,4
TI,313039,54,56,15,65.2,67.9,18,36.86,15.09,21,m,none,1,none ,none,none,1,1,none,none,1,1,1,1,1,1,1,1,1,1,1,none,1,1,none,,,,,,,,,16,1,#DIV/0!,0
TI,313040,47,50,15,57,60,16.4,28.61,10.63,17,m,1,1,1,2,2,1,2,1,1,1,2,2,none,2,2,none,2,1,1,2,2,2,2,none,,,,,,,,,21,2,1,1
TI,313042,50,51,15,51.3,50.7,15.8,23.83,8.77,17,m,2,2,2,2,2,3,3,2,2,2,2,2,2,2,3,3,2,2,1,1,2,2,2,2,,,,,,,,,24,2,2,2
TI,313044,54,55,15,63,64.5,15.2,25.03,9.17,18,m,none,3,3,3,3,2,2,2,2,2,2,2,3,2,2,2,2,2,2,2,2,2,2,2,,,,,,,,,23,2,#DIV/0!,0
TI,313058,46,45,12,51.5,51.6,13.9,17.59,7.39,18,m,1,1,2,2,1,2,2,1,1,1,1,none,2,1,2,1,2,2,1,2,none,1,none,none,none,none,0,3,0,4,4,3,26,1,2,3
TI,313047,46,45,13,58.1,57,14.1,22.74,9.47,17,f,3,3,2,3,3,4,4,3,4,3,4,4,4,4,4,4,3,3,4,4,4,4,4,4,,,,,,,,,24,4,3,3
TI,313059,,,,63.5,66.2,17.5,29.01,12.85,23,m,1,2,2,1,1,1,1,none,none,1,1,2,1,1,1,1,1,1,none,none,1,none,none,none,,,,,,,,,17,1,1,1
TI,313060,,,,64.5,67.2,17.8,38.91,15.75,22,m,5,5,5,5,4,4,5,4,5,5,5,5,5,5,5,5,5,4,4,4,4,4,4,4,,,,,,,,,24,5,5,5
TI,313061,,,,71.2,76.2,18,48.43,17.2,21,m,2,2,2,2,2,1,2,2,2,2,1,1,2,1,1,2,2,2,2,2,2,2,2,2,,,,,,,,,24,2,2,2
TI,313062,,,,62.7,67.3,16.6,32.61,13.49,21,m,1,2,2,2,2,1,1,2,2,2,1,2,3,1,1,2,2,2,1,1,2,2,1,2,,,,,,,,,24,2,1,1
TI,313063,,,,56.4,56.2,16.6,24.25,10.86,19,f,4,4,3,4,2,4,4,4,4,3,3,3,4,2,4,4,4,4,4,4,4,4,4,4,,,,,,,,,24,4,4,4
TI,313064,,,,65.2,72.5,18.4,41.62,14.64,22,m,5,5,5,5,5,5,5,5,5,5,5,5,5,5,5,5,5,5,5,5,5,5,5,5,,,,,,,,,24,5,5,5
TI,313065,,,,59.6,59.1,18.2,32.65,12.63,22,m,2,2,1,2,2,2,2,2,3,2,2,2,2,3,3,1,2,2,2,2,2,2,3,2,,,,,,,,,24,2,2,2
TI,313066,,,,65.5,72,17.8,33.96,13.06,20,m,5,4,5,4,5,none,none,2,none,4,4,4,none,4,5,none,none,5,5,5,none,5,2,none,,,,,,,,,16,5,5,5
TI,316002,57,57,16,64.2,65.2,16.8,30.6,11.2,20,m,2,3,3,2,3,2,3,3,3,3,3,3,3,3,3,3,3,3,3,3,3,3,3,3,,,,,,,,,24,3,2,2
TI,316003,42,39,13,55.4,58.7,15.6,19.17,7.59,17,f,3,3,3,3,3,3,3,3,3,3,3,3,3,3,3,3,3,3,3,3,3,3,3,3,,,,,,,,,24,3,3,3
TI,316004,49,46,14,60.7,64.2,16,26.47,9.83,22,f,3,3,3,3,3,3,3,3,3,3,3,3,3,3,3,3,4,4,4,4,4,4,4,4,,,,,,,,,24,3,3,3
TI,316006,58,57,16,60.5,61.7,17.8,31.86,12.23,20,m,3,3,3,3,3,3,2,3,3,2,2,2,2,2,3,3,3,3,3,3,4,4,3,3,,,,,,,,,24,3,3,3
TI,316007,58,62,16,66.2,66.3,18.3,40.85,14.43,20,m,3,3,3,3,3,3,3,3,3,3,3,3,3,3,3,3,3,3,3,3,3,3,3,3,,,,,,,,,24,3,3,3
TI,316014,50,48,16,55.6,54.2,18.6,28.99,10.42,18,m,3,3,3,3,3,3,3,3,3,3,3,3,3,3,3,3,3,3,3,3,3,3,3,3,,,,,,,,,24,3,3,3
TI,316015,49,48,15,60,64,18,31.26,12.62,19,m,0,4,4,5,none,0,none,none,5,5,0,0,4,5,5,0,none,0,0,0,0,0,0,0,,,,,,,,,20,0,0,0
TI,316019,43,44,14,46.9,45.8,15.5,15.95,6.72,17,m,3,3,3,3,3,3,3,3,4,4,4,3,3,3,3,3,3,3,3,3,3,3,3,3,,,,,,,,,24,3,3,3
TI,316021,59,61,18,66.7,72,21,44.64,18.33,23,m,2,2,3,2,2,3,3,3,2,2,2,2,3,2,3,2,2,3,3,2,2,3,3,2,,,,,,,,,24,2,2,2
TI,316024,55,53,15,65.5,68.1,17.4,33.24,13.91,23,m,3,3,3,3,3,3,3,3,3,3,3,3,3,3,3,3,3,3,3,3,3,3,3,3,,,,,,,,,24,3,3,3
TI,316029,44,43,14,52.6,53.9,15.3,20.85,8.33,19,f,3,3,3,3,3,3,3,3,3,3,3,3,3,3,3,3,3,3,3,3,3,3,3,3,,,,,,,,,24,3,3,3
TI,316036,52,51,15,58.3,55.3,17.2,29.33,11.03,19,m,3,3,3,3,3,3,3,3,3,3,3,3,3,3,3,3,3,3,3,3,3,3,3,3,,,,,,,,,24,3,3,3
TI,316051,51,48,12,55,54.1,16.3,22.4,9.16,18,m,3,3,3,3,3,3,3,3,3,3,3,3,3,3,3,3,3,3,3,3,3,3,3,3,,,,,,,,,24,3,3,3
TI,316056,55,56,16,60.6,64.1,18,33.85,12.36,20,m,3,3,3,3,3,3,3,3,3,3,3,3,3,3,3,3,3,3,3,3,3,3,3,3,,,,,,,,,24,3,3,3
TI,316054,69,64,16,73,70.8,18.3,45.25,15.63,23,m,3,3,3,3,3,3,3,3,3,3,3,3,3,3,3,3,3,3,3,3,3,3,3,3,,,,,,,,,24,3,3,3
TI,316047,40,38,12,53.5,54.6,14.2,18.84,7.19,17,f,4,4,4,4,4,4,4,4,4,4,4,4,4,4,4,4,4,4,4,4,4,4,4,4,,,,,,,,,24,4,4,4
TI,317010,17,48,16,56.1,57.5,18.3,27.64,11.62,20,m,none,5,5,none,none,5,1,none,none,none,0,1,1,1,0,none,5,0,1,0,none,1,0,0,,,,,,,,,16,1,#DIV/0!,0
TI,317052,56,57,17,61.2,64.5,18.1,34.27,12.52,19,m,3,2,2,2,2,2,2,2,2,2,3,2,3,2,2,2,3,2,2,2,2,3,3,2,,,,,,,,,24,2,3,3
TI,317012,46,43,12,57.8,59.1,13.5,20.09,7.51,18,m,2,3,2,3,2,2,3,3,3,2,3,3,3,2,2,2,2,3,2,2,2,2,3,2,,,,,,,,,24,2,2,2
TI,317014,51,50,13,56.4,58.6,15.3,22.13,7.49,15,m,3,3,3,3,3,3,3,3,3,3,3,3,3,3,3,3,3,3,3,3,3,3,3,3,,,,,,,,,24,3,3,3
TI,317016,61,57,19,62.5,59.5,20,39.36,13.72,21,m,2,2,2,1,2,2,2,2,1,1,2,1,1,2,2,1,2,2,2,1,2,2,1,2,,,,,,,,,24,2,2,2
TI,317018,48,46,14,54.5,54,16.7,23.47,9.65,17,m,0,0,0,0,0,0,0,0,0,0,0,0,1,1,1,1,1,1,1,1,1,1,1,1,,,,,,,,,24,0,0,0
TI,317019,44,44,14,55.3,54.8,15.7,20.27,8.36,17,m,3,2,2,2,3,3,3,2,2,3,2,3,2,3,2,3,3,3,3,3,3,3,3,3,,,,,,,,,24,3,3,3
TI,317020,55,58,15,66.1,65.7,19.1,37.68,13.33,20,f,3,3,3,3,3,3,3,3,3,3,3,3,3,3,3,3,3,3,3,3,3,3,3,3,,,,,,,,,24,3,3,3
TI,317021,53,55,15,60.1,60.6,17.2,29.34,10.47,20,f,2,2,2,2,2,2,2,2,2,2,2,2,2,2,2,2,2,2,2,2,2,2,2,2,,,,,,,,,24,2,2,2
TI,317023,58,56,14,64.2,64.8,14.8,29.8,12.2,21,m,3,2,3,2,3,3,3,2,3,3,2,2,3,3,2,3,3,3,3,2,2,2,3,3,,,,,,,,,24,3,3,3
TI,317024,51,50,15,59.2,57.6,16.4,26.78,11.42,19,m,2,1,1,2,1,2,2,2,2,1,2,2,2,2,1,1,2,2,1,1,2,2,2,1,,,,,,,,,24,2,2,2
TI,317025,54,54,15,60.2,64.4,16.3,30.09,11.45,17,m,3,3,3,3,3,3,3,3,2,2,2,3,3,3,2,2,2,2,2,2,2,2,2,2,,,,,,,,,24,2,3,3
TI,317026,47,45,13,60.6,67.5,14.7,23.48,8.94,18,m,5,5,5,5,4,5,5,4,5,4,5,5,5,5,5,4,5,5,5,5,5,5,5,5,,,,,,,,,24,5,5,5
TI,317028,51,49,15,62.5,63.6,18.3,29.69,10.41,17,m,2,2,2,2,3,3,2,3,2,2,2,2,2,2,2,2,2,2,2,2,2,2,3,2,,,,,,,,,24,2,2,2
TI,317029,46,45,15,59.7,56,16.3,25.08,8.71,18,m,1,1,1,1,1,1,1,1,1,1,1,1,1,1,1,1,1,1,1,1,1,1,1,1,,,,,,,,,24,1,1,1
TI,317030,47,45,13,58.1,58.2,16.5,24.76,10.53,17,m,2,2,1,2,1,2,1,1,2,1,2,2,2,3,2,2,3,2,1,2,3,2,2,2,,,,,,,,,24,2,2,2
TI,317031,53,50,10,62.4,62.5,18.4,27.9,9.84,17,m,2,2,2,2,3,3,2,3,3,3,2,3,2,2,2,2,2,2,3,2,2,2,2,2,,,,,,,,,24,2,2,2
TI,317032,48,45,14,61.1,61,18,25.47,10.64,19,m,2,2,1,2,2,2,2,3,2,2,2,3,2,2,2,2,3,1,2,2,2,2,3,2,,,,,,,,,24,2,2,2
TI,317033,48,46,15,58,60.5,17.6,26.3,10.45,20,f,4,4,4,4,4,4,4,4,4,4,4,4,4,4,4,4,4,4,4,4,4,4,4,4,,,,,,,,,24,4,4,4
TI,317034,41,40,12,50.6,50.1,13.5,15.55,6.75,17,f,5,5,5,5,5,5,5,5,5,5,5,5,5,5,5,5,5,5,5,5,5,5,5,5,,,,,,,,,24,5,5,5
TI,317035,51,50,15,63.5,64.3,18.3,32.87,12.84,20,m,2,2,2,3,2,3,2,2,2,2,2,2,2,2,2,3,2,2,3,2,2,2,3,2,,,,,,,,,24,2,2,2
TI,317036,56,58,15,69.6,64.7,16.8,35.72,13.99,23,m,2,2,2,3,3,3,2,3,3,1,1,1,2,2,2,2,2,2,2,2,2,3,2,3,,,,,,,,,24,2,2,2
TI,317037,51,52,15,68.1,72,19.6,31.67,12.21,20,m,1,1,1,2,2,2,2,2,2,2,2,2,2,1,2,2,1,2,2,1,2,1,2,1,,,,,,,,,24,2,1,1
TI,317038,50,49,15,60.2,60.9,17.9,29.59,15.16,23,m,2,2,2,2,2,2,3,2,2,2,2,2,2,1,1,2,2,3,2,2,3,2,2,2,,,,,,,,,24,2,2,2
TI,317039,62,65,15,68.9,72,17.3,38.81,13.04,20,m,2,3,3,3,2,2,2,3,2,2,3,3,2,2,3,2,2,2,3,2,2,3,2,2,,,,,,,,,24,2,2,2
TI,317040,54,52,16,65.5,63.6,18.7,34.33,12.83,18,m,1,2,2,2,2,2,2,3,2,2,2,2,2,2,3,2,2,2,2,3,2,3,2,2,,,,,,,,,24,2,1,1
TI,317041,56,53,14,65.8,65.3,18.1,35.82,13.98,20,m,2,2,2,2,2,2,2,1,2,2,2,2,2,2,2,1,2,none,2,2,2,2,2,1,,,,,,,,,23,2,2,2
TI,317042,48,46,16,64.3,58.5,19.4,34.77,13.73,22,m,2,1,1,2,2,2,2,2,2,2,2,2,1,2,3,2,2,2,2,2,3,2,3,2,,,,,,,,,24,2,2,2
TI,317054,53,52,16,65.8,56.8,19,35.14,13.93,21,m,2,2,2,2,2,2,2,2,2,2,2,2,2,2,2,2,2,2,2,2,2,2,2,2,,,,,,,,,24,2,2,2
TI,317044,51,50,17,58.9,59.2,19,30.78,12.93,22,m,2,2,2,2,2,2,3,3,2,3,2,1,2,1,1,3,2,3,3,3,3,2,3,3,,,,,,,,,24,2,2,2
TI,317045,44,44,13,57.9,62.2,15.7,23.91,10.04,19,m,1,1,1,1,1,1,1,1,1,1,1,2,1,2,1,1,1,1,1,1,1,1,1,1,,,,,,,,,24,1,1,1
TI,317047,49,46,14,53.2,52,16.5,20.12,7.37,17,m,1,1,1,1,1,1,1,1,1,1,1,1,1,1,1,1,1,1,1,1,1,1,1,1,,,,,,,,,24,1,1,1
TI,317051,-,-,-,54.8,55,15.2,12.38,7.13,15,m,2,2,2,1,1,2,3,3,1,3,2,2,2,3,3,2,3,2,2,3,2,2,2,2,,,,,,,,,24,2,2,2
TI,317049,39,36,13,46.9,46,14.6,14.2,5.96,16,m,2,2,2,3,3,2,2,3,3,2,2,2,2,2,2,3,2,2,3,3,3,2,2,3,,,,,,,,,24,2,2,2
TI,317050,50,50,13,62.8,57.6,15.8,23.16,7.89,17,f,3,3,3,3,3,3,3,3,3,3,3,3,3,3,3,3,3,3,3,3,3,3,3,3,,,,,,,,,24,3,3,3
TI,323056,47,49,13,55.9,57.5,14.6,21.29,7.98,19,m,2,2,3,3,2,2,3,2,2,3,3,3,3,3,3,2,3,3,3,2,2,3,2,2,,,,,,,,,24,3,2,2
TI,323010,39,40,12,54.2,58.1,13.8,19.03,7.9,18,m,3,3,3,3,3,3,3,3,3,3,3,3,3,3,3,3,3,3,3,3,3,3,3,3,,,,,,,,,24,3,3,3
TI,323013,37,36,12,48.3,52.4,13.5,14.18,4.67,14,f,3,3,3,3,3,3,3,3,3,3,3,3,3,3,3,3,4,4,4,4,4,4,4,4,,,,,,,,,24,3,3,3
TI,323014,62,65,15,74.5,77.2,17.9,42.75,18.76,23,m,0,0,0,0,0,0,0,0,0,0,0,0,0,0,0,0,0,0,0,0,0,0,0,0,,,,,,,,,24,0,0,0
TI,323019,46,45,15,53.1,53,17.5,21.86,8.88,18,m,4,4,4,4,4,4,4,4,4,4,4,4,4,4,4,4,4,4,4,4,4,4,4,4,,,,,,,,,24,4,4,4
TI,323020,42,41,12,51,59.2,15.1,19.52,8.09,18,m,3,2,2,2,3,3,3,3,3,2,2,2,2,3,2,2,4,4,2,4,2,2,2,3,,,,,,,,,24,2,3,3
TI,323022,63,60,18,74.2,72.3,19.2,50.7,20.01,25,f,3,3,3,3,3,3,3,3,3,3,3,3,3,3,3,3,2,2,2,2,2,2,2,2,,,,,,,,,24,3,3,3
TI,323023,54,48,15,63.4,61.4,17.8,34.49,13.93,21,f,4,4,4,4,4,4,4,4,4,4,4,4,4,4,4,4,3,3,3,3,3,3,3,3,,,,,,,,,24,4,4,4
TI,323027,54,56,16,66.9,72.3,18.7,37.24,15.21,22,m,3,3,3,3,2,3,3,2,3,3,3,3,3,3,3,3,2,3,2,2,2,3,3,3,,,,,,,,,24,3,3,3
TI,323028,46,45,14,55.3,57.6,16.7,22.61,9.19,19,m,3,3,3,3,3,3,3,3,3,3,3,3,3,3,3,3,3,3,3,3,3,3,3,3,,,,,,,,,24,3,3,3
TI,323044,43,40,14,53,59.4,17.2,21.74,8.15,18,f,3,3,3,3,3,3,3,3,3,3,3,3,3,3,3,3,3,3,3,3,3,3,3,3,,,,,,,,,24,3,3,3
TI,323047,54,50,15,66,78.1,18,39.26,16.82,22,m,3,2,2,2,3,2,3,2,2,3,2,2,2,2,3,2,3,3,2,2,3,2,2,2,,,,,,,,,24,2,3,3
TI,324047,60,59,17,67.2,65.4,18.4,38.31,12.61,20,m,2,3,,2,3,3,2,3,3,3,2,2,3,3,3,2,2,2,2,2,3,2,2,3,,,,,,,,,23,2,2,2
TI,324048,41,40,14,39.6,39.2,13.3,10.01,1.88,9,f,3,3,3,3,3,3,3,3,3,3,3,3,3,3,3,3,2,2,2,2,2,2,2,2,,,,,,,,,24,3,3,3
TI,324049,51,46,19,67.1,67.9,19.4,47.51,14.32,20,m,0,0,5,5,5,0,5,5,none,5,5,0,5,5,0,5,none,0,5,5,0,0,none,none,,,,,,,,,20,5,0,0
TI,324060,,,,51.4,51.1,13.9,18.02,6.82,16,m,2,2,2,3,3,2,2,2,2,2,2,2,3,3,3,2,1,2,2,3,2,2,2,3,,,,,,,,,24,2,2,2
TI,324061,,,,44.2,43.5,14,12.41,5.29,13,m,3,3,3,3,3,3,3,3,3,3,3,3,3,3,3,3,3,3,3,3,3,3,3,3,,,,,,,,,24,3,3,3
TI,324062,,,,47.2,51.3,13.5,16.13,5.47,15,m,4,2,3,3,2,2,4,2,1,2,1,2,2,3,2,2,2,2,3,3,1,2,2,2,,,,,,,,,24,2,4,4